{
  "planes.weight": [
    [
      -4.200488090515137,
      -1.1183226108551025
    ],
    [
      0.4343453645706177,
      1.7904990911483765
    ],
    [
      4.926281929016113,
      -1.2722718715667725
    ]
  ],
  "planes.bias": [
    -2.028266429901123,
    -1.0542503595352173,
    -2.406999349594116
  ]
}