{
  "planes.weight": [
    [
      -0.40730613470077515,
      -0.1127781793475151
    ],
    [
      0.015686916187405586,
      0.27066770195961
    ],
    [
      0.42206788063049316,
      -0.1894141584634781
    ]
  ],
  "planes.bias": [
    -0.18688219785690308,
    -0.1711280792951584,
    -0.18709556758403778
  ]
}