{
  "hidden.weight": [
    [
      -4.524777889251709,
      -1.229926347732544
    ],
    [
      4.824894905090332,
      -1.3679980039596558
    ]
  ],
  "hidden.bias": [
    -2.2456490993499756,
    -2.3909125328063965
  ],
  "output.weight": [
    [
      5.360694885253906,
      -1.9235092401504517
    ],
    [
      -4.685457706451416,
      -4.993252277374268
    ],
    [
      -2.0906848907470703,
      5.495853424072266
    ]
  ],
  "output.bias": [
    -1.999732494354248,
    2.608499050140381,
    -2.1054413318634033
  ]
}